1,"QDX4955","Spense","Pringuer",2/14/1972,"Male","Yes"
"2","ECP7715","Shirline","Van-der-Kruys","12/27/1992","Female","Yes"
"3","ZIK8925","Chev","Eckels","4/19/1951","Male","Yes"
"4","LTS6784","Rik","Futty","4/29/1962","Male","Yes"
"5","HGM6173","Emalia","Killen","10/21/1989","Female","Yes"
"6","CEV6132","Rudiger","Endean","2/13/1965","Male","No"
"7","PGJ7161","Beverie","Robez","2/3/1968","Female","Yes"
"8","NKX8076","Donall","Ricciardo","10/21/1948","Male","Yes"
"9","MXC8908","Timotheus","Laven","7/30/1975","Male","Yes"
"10","NTQ8299","Aluino","Spelling","7/16/2008","Male","Yes"
"11","QNE4372","Elvera","Peasby","10/21/2005","Female","Yes"
"12","GIR5104","Vitia","Goodlake","6/13/1957","Female","Yes"
"13","XKD2272","Sally","Bargery","8/25/1980","Female","Yes"
"14","DVX6602","Brig","Ovendale","4/28/2013","Male","Yes"
"15","JIB5920","Syman","Badcock","4/7/1976","Male","Yes"
"16","YCX9278","Eugenie","Hugueville","5/26/2014","Female","Yes"
"17","LMV5416","Scottie","Emms","2/15/1961","Male","Yes"
"18","YBB1095","Carlye","Greenhead","1/6/2016","Female","Yes"
"19","TBC7855","Vina","Dimond","6/4/1967","Female","Yes"
"20","SXL9274","Samson","Durbann","4/11/1967","Male","Yes"
"21","AUX6004","Rosalie","Couroy","10/5/1977","Female","Yes"
"22","SEO7156","Harmony","Goodings","12/11/2003","Other","Yes"
"23","XUA5670","Niki","Cousins","8/22/1984","Male","Yes"
"24","GMC9989","Hank","Solan","9/13/2006","Male","Yes"
"25","SHN9256","Kendra","Slayton","2/20/1952","Female","Yes"
"26","XSI7349","Gloriana","Brevetor","12/4/2010","Female","Yes"
"27","NHK9888","Sheri","Corhard","12/23/2012","Female","Yes"
"28","NCR0550","Zacharia","Collishaw","5/7/2010","Male","Yes"
"29","CNF6489","Hanan","Ryde","2/12/1952","Male","Yes"
"30","MSC5721","Marni","Kalisz","2/9/1963","Female","Yes"
"31","VWH6907","Leona","Murtell","7/12/1965","Female","Yes"
"32","GOZ3094","Andre","Wallen","6/1/1987","Male","Yes"
"33","CMZ6415","Roddy","Bonney","6/15/2008","Male","Yes"
"34","TNH6480","Eyde","Flucker","9/15/2009","Female","Yes"
"35","QIJ3412","Catlee","Mackley","9/27/1972","Female","Yes"
"36","BAK4481","Wandis","Clipson","12/10/2027","Female","Yes"
"37","CBD3031","Fremont","Reddan","11/22/1957","Male","Yes"
"38","BBB5629","Ewell","Longmire","8/30/1949","Male","Yes"
"39","SYK7786","Gabe","Broschke","11/25/1991","Male","Yes"
"40","ODR2838","Andra","Francescuccio","4/4/1951","Female","Yes"
"41","KDD9523","Menard","Prettjohn","4/17/1965","Male","Yes"
"42","ASD4088","Schuyler","Willimot","12/5/1956","Male","Yes"
"43","GIQ8970","Whitney","Lakeland","11/10/1986","Male","Yes"
"44","GEK5713","Lucias","Karlsson","10/29/2007","Male","Yes"
"45","TGS0798","Simona","Gerrets","4/29/1989","Female","Yes"
"46","CYC0720","Nahum","Drewet","10/5/1962","Male","Yes"
"47","SMH8891","Myrilla","Jeandon","2/8/1968","Female","Yes"
"48","FBG1062","Nancee","Circuitt","5/9/1961","Female","Yes"
"49","XKX1957","Malory","Houndesome","11/28/2004","Female","Yes"
"50","AFH7245","Gar","Strawbridge","4/14/1982","Male","Yes"
"51","TXP4069","Sheffield","Hares","5/23/2005","Male","Yes"
"52","MRL3058","Otho","Duinkerk","6/1/1976","Male","Yes"
"53","FVL8648","Ruby","Manklow","10/4/1976","Male","Yes"
"54","GKY3212","Davida","MacCurlye","9/30/1965","Female","No"
"55","ETV6899","Abba","Rusk","8/17/1961","Male","Yes"
"56","XKD2272","Boigie","Eastridge","8/1/1982","Male","Yes"
"57","VFY9388","Cristobal","Guyers","4/23/1986","Male","Yes"
"58","JBK3991","Marcelia","Jeffcoate","12/17/1985","Female","Yes"
"59","ZYF6173","Almeria","Crasford","1/11/1982","Female","Yes"
"60","VSV3481","Beret","Coenraets","2/10/1957","Female","Yes"
"61","MHR6896","Roderigo","Beekmann","6/29/1977","Male","Yes"
"62","YDV0095","Elicia","McCay","5/30/1948","Female","Yes"
"63","BDF4913","Ingeberg","Perring","6/11/1952","Female","Yes"
"64","IWU6403","Smith","McGettigan","5/19/2004","Male","Yes"
"65","BVF7686","Flin","Gleasane","9/26/2008","Male","Yes"
"66","RIQ9260","Darlene","Bangham","11/14/1990","Female","Yes"
"67","MMH2864","Job","Cawood","4/3/1962","Male","Yes"
"68","RWT4192","Baudoin","Burr","2/16/1981","Male","Yes"
"69","CYZ8554","Casper","Ashworth","12/10/1966","Male","Yes"
"70","YBS8538","Gordy","Bellay","7/24/1970","Male","Yes"
"71","VZQ5362","Claudelle","Dignan","7/12/1980","Female","Yes"
"72","CST7448","Ines","Mitroshinov","5/22/1976","Female","Yes"
"73","NWM8466","Joshuah","Perrigo","12/26/2010","Male","Yes"
"74","LQI3268","Drusy","Skews","10/15/1973","Female","Yes"
"75","LFV3925","Efrem","Kippax","5/5/1973","Male","Yes"
"76","WHU5837","Barney","Massenhove","7/26/1987","Male","Yes"
"77","ABR7945","Chas","McGrah","9/3/1986","Male","Yes"
"78","PLL2090","Morganne","Baynom","7/26/1950","Female","Yes"
"79","MFO6152","Graeme","Fenemore","06/07/1756","Male","Yes"
"80","SYK7786","Silas","Lipgens","11/19/1961","Male","Yes"
"81","TWT8902","Bonny","Tremmil","1/8/1974","Female","Yes"
"82","WHL2345","Ardelia","Parmiter","5/15/1970","Female","Yes"
"83","WSU4675","Cirillo","Tuckwell","12/24/1969","Male","Yes"
"84","OBR6693","Emyle","Sokale","8/24/1979","Female","Yes"
"85","DPB3234","Daryl","Eastham","1/26/1978","Male","Yes"
"86","YSN6005","Clovis","Espadate","1/7/1987","Female","Yes"
"87","FDM8849","Rebekkah","Venes","7/30/2011","Female","Yes"
"88","FQI2958","Wilone","Tofanelli","5/24/2006","Female","Yes"
"89","AFC3291","Hetti","Joskowitz","5/14/1989","Female","Yes"
"90","OJC2233","Blinnie","Olivari","10/5/1969","Female","Yes"
"91","NPF7673","Rufe","Cardenoza","10/17/2004","Other","Yes"
"92","ISJ1177","Rad","MacKaig","7/24/1948","Male","Yes"
"93","GDR6737","Starlene","Letertre","7/18/2005","Female","Yes"
"94","STU8856","Aurelea","Cradoc","7/17/1963","Female","Yes"
"95","GKY3212","Delila","Ladbrooke","8/19/2006","Female","Yes"
"96","CLZ1078","Arabelle","Bourbon","6/28/1969","Female","Yes"
"97","PZD7227","Shellysheldon","Digges","10/8/1975","Male","Yes"
"98","CCB6831","Gilbert","Pattillo","8/5/1981","Male","Yes"
"99","IXF4149","Adena","Elliott","8/17/1952","Female","Yes"
"100","NIV5772","Horatia","Panton","4/17/1992","Female","Yes"
"","","","","","",""
